state,state_name,geo_id,population,agegroup,pct_pop
AL,Alabama,01,293203,Age 0 to 4 years,0.059985830231608
AL,Alabama,01,297900,Age 5 to 9 years,0.0609467803057814
AL,Alabama,01,310495,Age 10 to 14 years,0.0635235668044431
AL,Alabama,01,315680,Age 15 to 19 years,0.0645843558473618
AL,Alabama,01,325220,Age 20 to 24 years,0.0665361258511119
AL,Alabama,01,340014,Age 25 to 29 years,0.0695628014732795
AL,Alabama,01,303526,Age 30 to 34 years,0.0620977926790621
AL,Alabama,01,303994,Age 35 to 39 years,0.0621935398867932
AL,Alabama,01,288308,Age 40 to 44 years,0.0589843717233945
AL,Alabama,01,312966,Age 45 to 49 years,0.0640291038777415
AL,Alabama,01,314492,Age 50 to 54 years,0.0643413052431212
AL,Alabama,01,336811,Age 55 to 59 years,0.0689075059468632
AL,Alabama,01,318368,Age 60 to 64 years,0.0651342885276637
AL,Alabama,01,270799,Age 65 to 69 years,0.0554022395435559
AL,Alabama,01,216922,Age 70 to 74 years,0.0443796491355848
AL,Alabama,01,150858,Age 75 to 79 years,0.0308637441536407
AL,Alabama,01,98450,Age 80 to 84 years,0.020141693592159
AL,Alabama,01,89865,Age 85 years and older,0.0183853051768347
AK,Alaska,02,53115,Age 0 to 4 years,0.0720263940832992
AK,Alaska,02,52056,Age 5 to 9 years,0.0705903411541038
AK,Alaska,02,49759,Age 10 to 14 years,0.0674755030253391
AK,Alaska,02,46263,Age 15 to 19 years,0.0627347654989301
AK,Alaska,02,53000,Age 20 to 24 years,0.0718704487699305
AK,Alaska,02,61672,Age 25 to 29 years,0.083630081444135
AK,Alaska,02,57193,Age 30 to 34 years,0.0775563504999742
AK,Alaska,02,51672,Age 35 to 39 years,0.0700696194120726
AK,Alaska,02,42978,Age 40 to 44 years,0.0582801537213976
AK,Alaska,02,43558,Age 45 to 49 years,0.0590666605192572
AK,Alaska,02,44559,Age 50 to 54 years,0.0604240627686667
AK,Alaska,02,49246,Age 55 to 59 years,0.0667798513230943
AK,Alaska,02,45356,Age 60 to 64 years,0.061504831592622
AK,Alaska,02,35078,Age 65 to 69 years,0.0475673887160683
AK,Alaska,02,23477,Age 70 to 74 years,0.0318358967126728
AK,Alaska,02,13893,Age 75 to 79 years,0.0188395499011442
AK,Alaska,02,7710,Age 80 to 84 years,0.0104551162267201
AK,Alaska,02,6853,Age 85 years and older,0.00929298463057233
AZ,Arizona,04,435936,Age 0 to 4 years,0.060786045490812
AZ,Arizona,04,451726,Age 5 to 9 years,0.0629877715659697
AZ,Arizona,04,476421,Age 10 to 14 years,0.0664311930622342
AZ,Arizona,04,473794,Age 15 to 19 years,0.0660648894270576
AZ,Arizona,04,492176,Age 20 to 24 years,0.0686280388072696
AZ,Arizona,04,517980,Age 25 to 29 years,0.0722260970494082
AZ,Arizona,04,467865,Age 30 to 34 years,0.0652381615043464
AZ,Arizona,04,458887,Age 35 to 39 years,0.0639862871089845
AZ,Arizona,04,421544,Age 40 to 44 years,0.0587792537445379
AZ,Arizona,04,432165,Age 45 to 49 years,0.0602602247796392
AZ,Arizona,04,418625,Age 50 to 54 years,0.0583722342123412
AZ,Arizona,04,442085,Age 55 to 59 years,0.0616434497742917
AZ,Arizona,04,424192,Age 60 to 64 years,0.0591484855777879
AZ,Arizona,04,389729,Age 65 to 69 years,0.0543430336634017
AZ,Arizona,04,336433,Age 70 to 74 years,0.046911545829228
AZ,Arizona,04,239494,Age 75 to 79 years,0.0333945652086006
AZ,Arizona,04,150319,Age 80 to 84 years,0.0209601812470945
AZ,Arizona,04,142275,Age 85 years and older,0.0198385419469952
AR,Arkansas,05,190343,Age 0 to 4 years,0.0631566199099151
AR,Arkansas,05,193284,Age 5 to 9 years,0.0641324562640498
AR,Arkansas,05,200786,Age 10 to 14 years,0.0666216518875515
AR,Arkansas,05,197707,Age 15 to 19 years,0.0656000265443415
AR,Arkansas,05,201638,Age 20 to 24 years,0.0669043491244515
AR,Arkansas,05,206497,Age 25 to 29 years,0.0685165860658797
AR,Arkansas,05,190091,Age 30 to 34 years,0.0630730052342123
AR,Arkansas,05,191673,Age 35 to 39 years,0.0635979195872355
AR,Arkansas,05,176845,Age 40 to 44 years,0.0586779258915166
AR,Arkansas,05,184172,Age 45 to 49 years,0.0611090557680025
AR,Arkansas,05,184495,Age 50 to 54 years,0.0612162285467803
AR,Arkansas,05,198163,Age 55 to 59 years,0.0657513292908513
AR,Arkansas,05,186304,Age 60 to 64 years,0.0618164624687897
AR,Arkansas,05,162561,Age 65 to 69 years,0.0539384337179498
AR,Arkansas,05,133450,Age 70 to 74 years,0.0442792796529327
AR,Arkansas,05,95234,Age 75 to 79 years,0.0315990477217489
AR,Arkansas,05,61565,Age 80 to 84 years,0.0204275298001709
AR,Arkansas,05,59017,Age 85 years and older,0.0195820925236203
CA,California,06,2441300,Age 0 to 4 years,0.0617159345446557
CA,California,06,2488902,Age 5 to 9 years,0.0629193105804541
CA,California,06,2547973,Age 10 to 14 years,0.0644126223280834
CA,California,06,2545375,Age 15 to 19 years,0.0643469450258481
CA,California,06,2711800,Age 20 to 24 years,0.0685541602007936
CA,California,06,3125816,Age 25 to 29 years,0.0790204627266774
CA,California,06,2917983,Age 30 to 34 years,0.0737664555074829
CA,California,06,2754980,Age 35 to 39 years,0.0696457483110783
CA,California,06,2500691,Age 40 to 44 years,0.0632173358753163
CA,California,06,2568083,Age 45 to 49 years,0.0649210020617061
CA,California,06,2503891,Age 50 to 54 years,0.0632982317056292
CA,California,06,2518810,Age 55 to 59 years,0.0636753832345161
CA,California,06,2262416,Age 60 to 64 years,0.0571937565103763
CA,California,06,1853102,Age 65 to 69 years,0.0468463202951585
CA,California,06,1432312,Age 70 to 74 years,0.0362087714084811
CA,California,06,976718,Age 75 to 79 years,0.0246913792473629
CA,California,06,663308,Age 80 to 84 years,0.0167683910666229
CA,California,06,743585,Age 85 years and older,0.018797789369757
CO,Colorado,08,336854,Age 0 to 4 years,0.0591432209347485
CO,Colorado,08,347953,Age 5 to 9 years,0.0610919304918705
CO,Colorado,08,365378,Age 10 to 14 years,0.0641513289992001
CO,Colorado,08,363364,Age 15 to 19 years,0.063797720471581
CO,Colorado,08,378514,Age 20 to 24 years,0.0664576853143956
CO,Colorado,08,453907,Age 25 to 29 years,0.0796948291688058
CO,Colorado,08,440515,Age 30 to 34 years,0.0773435255929
CO,Colorado,08,415058,Age 35 to 39 years,0.0728739067807859
CO,Colorado,08,365021,Age 40 to 44 years,0.0640886486395377
CO,Colorado,08,367581,Age 45 to 49 years,0.0645381212466404
CO,Colorado,08,342590,Age 50 to 54 years,0.0601503204950379
CO,Colorado,08,367276,Age 55 to 59 years,0.0644845707993098
CO,Colorado,08,343324,Age 60 to 64 years,0.0602791927191056
CO,Colorado,08,288077,Age 65 to 69 years,0.0505791875923087
CO,Colorado,08,212721,Age 70 to 74 years,0.037348540021673
CO,Colorado,08,134107,Age 75 to 79 years,0.0235458683284043
CO,Colorado,08,84960,Age 80 to 84 years,0.0149168721482192
CO,Colorado,08,88364,Age 85 years and older,0.015514530255476
CT,Connecticut,09,183134,Age 0 to 4 years,0.0512597738662875
CT,Connecticut,09,196011,Age 5 to 9 years,0.0548640860534083
CT,Connecticut,09,217897,Age 10 to 14 years,0.0609900452463357
CT,Connecticut,09,241904,Age 15 to 19 years,0.0677096789091616
CT,Connecticut,09,243116,Age 20 to 24 years,0.0680489214633894
CT,Connecticut,09,222923,Age 25 to 29 years,0.0623968382146101
CT,Connecticut,09,222467,Age 30 to 34 years,0.0622692024021284
CT,Connecticut,09,217876,Age 35 to 39 years,0.0609841672812872
CT,Connecticut,09,205460,Age 40 to 44 years,0.0575088904221359
CT,Connecticut,09,234976,Age 45 to 49 years,0.0657705102493517
CT,Connecticut,09,259975,Age 50 to 54 years,0.0727678077849448
CT,Connecticut,09,269467,Age 55 to 59 years,0.0754246479868669
CT,Connecticut,09,242338,Age 60 to 64 years,0.0678311568534973
CT,Connecticut,09,190320,Age 65 to 69 years,0.0532711575252648
CT,Connecticut,09,153250,Age 70 to 74 years,0.0428951496991741
CT,Connecticut,09,107386,Age 75 to 79 years,0.0300576740332497
CT,Connecticut,09,72294,Age 80 to 84 years,0.0202353145341083
CT,Connecticut,09,91871,Age 85 years and older,0.0257149774747982
DE,Delaware,10,54811,Age 0 to 4 years,0.0566714676101744
DE,Delaware,10,56247,Age 5 to 9 years,0.0581562102254927
DE,Delaware,10,57654,Age 10 to 14 years,0.0596109684843735
DE,Delaware,10,60363,Age 15 to 19 years,0.0624119209529649
DE,Delaware,10,58349,Age 20 to 24 years,0.0603295590955477
DE,Delaware,10,66980,Age 25 to 29 years,0.0692535239373389
DE,Delaware,10,62083,Age 30 to 34 years,0.0641903034727054
DE,Delaware,10,58850,Age 35 to 39 years,0.0608475647015884
DE,Delaware,10,52618,Age 40 to 44 years,0.0544040298975052
DE,Delaware,10,58432,Age 45 to 49 years,0.0604153763915585
DE,Delaware,10,64059,Age 50 to 54 years,0.0662333754837562
DE,Delaware,10,68793,Age 55 to 59 years,0.0711280631863445
DE,Delaware,10,66846,Age 60 to 64 years,0.0691149755317312
DE,Delaware,10,59514,Age 65 to 69 years,0.0615341030696743
DE,Delaware,10,48680,Age 70 to 74 years,0.0503323610819597
DE,Delaware,10,32805,Age 75 to 79 years,0.0339185107907495
DE,Delaware,10,20250,Age 80 to 84 years,0.0209373523399688
DE,Delaware,10,19837,Age 85 years and older,0.020510333746566
DC,District of Columbia,11,45617,Age 0 to 4 years,0.0117038450249486
DC,District of Columbia,11,37622,Age 5 to 9 years,0.00965258691997759
DC,District of Columbia,11,28573,Age 10 to 14 years,0.00733090654575832
DC,District of Columbia,11,36900,Age 15 to 19 years,0.00946734509986638
DC,District of Columbia,11,52924,Age 20 to 24 years,0.0135785846088165
DC,District of Columbia,11,83096,Age 25 to 29 years,0.021319742775569
DC,District of Columbia,11,80991,Age 30 to 34 years,0.0207796679399262
DC,District of Columbia,11,62212,Age 35 to 39 years,0.0159615846437097
DC,District of Columbia,11,43462,Age 40 to 44 years,0.0111509418084117
DC,District of Columbia,11,38787,Age 45 to 49 years,0.00995148819481077
DC,District of Columbia,11,36666,Age 50 to 54 years,0.00940730827728186
DC,District of Columbia,11,36676,Age 55 to 59 years,0.00940987395346069
DC,District of Columbia,11,33626,Age 60 to 64 years,0.00862734271891889
DC,District of Columbia,11,27984,Age 65 to 69 years,0.0071797882188255
DC,District of Columbia,11,21120,Age 70 to 74 years,0.00541870808967962
DC,District of Columbia,11,14419,Age 75 to 79 years,0.0036994484822486
DC,District of Columbia,11,9627,Age 80 to 84 years,0.00246997645735538
DC,District of Columbia,11,12153,Age 85 years and older,0.00311806626012672
FL,Florida,12,1143183,Age 0 to 4 years,0.0536722642618956
FL,Florida,12,1157587,Age 5 to 9 years,0.0543485298243019
FL,Florida,12,1206247,Age 10 to 14 years,0.0566331092651997
FL,Florida,12,1206422,Age 15 to 19 years,0.0566413254880143
FL,Florida,12,1269823,Age 20 to 24 years,0.059617992588967
FL,Florida,12,1436477,Age 25 to 29 years,0.0674423720000516
FL,Florida,12,1351778,Age 30 to 34 years,0.0634657671076431
FL,Florida,12,1318582,Age 35 to 39 years,0.0619072200644856
FL,Florida,12,1250182,Age 40 to 44 years,0.058695850690104
FL,Florida,12,1351855,Age 45 to 49 years,0.0634693822456815
FL,Florida,12,1394517,Age 50 to 54 years,0.0654723565183404
FL,Florida,12,1470580,Age 55 to 59 years,0.0690435025523109
FL,Florida,12,1384021,Age 60 to 64 years,0.0649795709488446
FL,Florida,12,1271880,Age 65 to 69 years,0.0597145684194217
FL,Florida,12,1126022,Age 70 to 74 years,0.0528665579777763
FL,Florida,12,833186,Age 75 to 79 years,0.0391179532684721
FL,Florida,12,555564,Age 80 to 84 years,0.0260836434957446
FL,Florida,12,571419,Age 85 years and older,0.0268280332827449
GA,Georgia,13,657414,Age 0 to 4 years,0.0624949439016681
GA,Georgia,13,685904,Age 5 to 9 years,0.0652032539646703
GA,Georgia,13,727758,Age 10 to 14 years,0.0691819696325149
GA,Georgia,13,728370,Age 15 to 19 years,0.0692401474408181
GA,Georgia,13,716652,Age 20 to 24 years,0.0681262135230133
GA,Georgia,13,767745,Age 25 to 29 years,0.0729832049603236
GA,Georgia,13,705501,Age 30 to 34 years,0.0670661796334893
GA,Georgia,13,705228,Age 35 to 39 years,0.0670402277680207
GA,Georgia,13,667374,Age 40 to 44 years,0.0634417592132687
GA,Georgia,13,718419,Age 45 to 49 years,0.0682941876852219
GA,Georgia,13,693019,Age 50 to 54 years,0.0658796185170838
GA,Georgia,13,682347,Age 55 to 59 years,0.0648651192193527
GA,Georgia,13,603335,Age 60 to 64 years,0.0573540979944341
GA,Georgia,13,500976,Age 65 to 69 years,0.0476236694321722
GA,Georgia,13,394443,Age 70 to 74 years,0.0374964530073982
GA,Georgia,13,259740,Age 75 to 79 years,0.0246913462886693
GA,Georgia,13,158617,Age 80 to 84 years,0.0150784140843531
GA,Georgia,13,146633,Age 85 years and older,0.0139391937335276
HI,Hawaii,15,87704,Age 0 to 4 years,0.0617420314525048
HI,Hawaii,15,86869,Age 5 to 9 years,0.0611542065384434
HI,Hawaii,15,81954,Age 10 to 14 years,0.0576941353377107
HI,Hawaii,15,77179,Age 15 to 19 years,0.0543326216075991
HI,Hawaii,15,90951,Age 20 to 24 years,0.0640278607889807
HI,Hawaii,15,103977,Age 25 to 29 years,0.0731979294483386
HI,Hawaii,15,99029,Age 30 to 34 years,0.0697146268438167
HI,Hawaii,15,96796,Age 35 to 39 years,0.0681426351874106
HI,Hawaii,15,83714,Age 40 to 44 years,0.0589331435398042
HI,Hawaii,15,85505,Age 45 to 49 years,0.0601939751818209
HI,Hawaii,15,85119,Age 50 to 54 years,0.05992223815568
HI,Hawaii,15,90807,Age 55 to 59 years,0.0639264873906276
HI,Hawaii,15,89920,Age 60 to 64 years,0.0633020554160498
HI,Hawaii,15,82492,Age 65 to 69 years,0.0580728776176688
HI,Hawaii,15,66441,Age 70 to 74 years,0.0467732636109627
HI,Hawaii,15,42395,Age 75 to 79 years,0.0298453140498602
HI,Hawaii,15,28595,Age 80 to 84 years,0.0201303633743544
HI,Hawaii,15,41044,Age 85 years and older,0.0288942344583669
ID,Idaho,16,116339,Age 0 to 4 years,0.0663199574964884
ID,Idaho,16,122965,Age 5 to 9 years,0.0700971606559769
ID,Idaho,16,131036,Age 10 to 14 years,0.0746980973749977
ID,Idaho,16,124506,Age 15 to 19 years,0.0709756197668692
ID,Idaho,16,114894,Age 20 to 24 years,0.0654962239369562
ID,Idaho,16,119176,Age 25 to 29 years,0.0679372115507397
ID,Idaho,16,112206,Age 30 to 34 years,0.0639639084988781
ID,Idaho,16,115383,Age 35 to 39 years,0.0657749822141958
ID,Idaho,16,104646,Age 40 to 44 years,0.0596542713292836
ID,Idaho,16,101672,Age 45 to 49 years,0.0579589193527791
ID,Idaho,16,98253,Age 50 to 54 years,0.0560098916434083
ID,Idaho,16,108608,Age 55 to 59 years,0.0619128404385341
ID,Idaho,16,106242,Age 60 to 64 years,0.0605640836206425
ID,Idaho,16,94545,Age 65 to 69 years,0.053896117222131
ID,Idaho,16,73696,Age 70 to 74 years,0.0420109815939729
ID,Idaho,16,50168,Age 75 to 79 years,0.0285986610481767
ID,Idaho,16,30454,Age 80 to 84 years,0.0173605410532844
ID,Idaho,16,29419,Age 85 years and older,0.0167705312026852
IL,Illinois,17,760619,Age 0 to 4 years,0.0596981574560398
IL,Illinois,17,778102,Age 5 to 9 years,0.061070333127176
IL,Illinois,17,819148,Age 10 to 14 years,0.0642918810650275
IL,Illinois,17,828205,Age 15 to 19 years,0.0650027313226194
IL,Illinois,17,847502,Age 20 to 24 years,0.0665172811096077
IL,Illinois,17,903780,Age 25 to 29 years,0.070934332097436
IL,Illinois,17,866001,Age 30 to 34 years,0.0679691988434261
IL,Illinois,17,854521,Age 35 to 39 years,0.0670681763241421
IL,Illinois,17,785204,Age 40 to 44 years,0.0616277427031303
IL,Illinois,17,817893,Age 45 to 49 years,0.0641933807809071
IL,Illinois,17,821957,Age 50 to 54 years,0.0645123490316362
IL,Illinois,17,867598,Age 55 to 59 years,0.0680945414360478
IL,Illinois,17,797589,Age 60 to 64 years,0.0625997953077761
IL,Illinois,17,649574,Age 65 to 69 years,0.0509826482527384
IL,Illinois,17,492679,Age 70 to 74 years,0.0386685430120524
IL,Illinois,17,348421,Age 75 to 79 years,0.0273462689191183
IL,Illinois,17,235613,Age 80 to 84 years,0.0184923884003554
IL,Illinois,17,266674,Age 85 years and older,0.0209302508107633
IN,Indiana,18,418544,Age 0 to 4 years,0.0625450732963153
IN,Indiana,18,430106,Age 5 to 9 years,0.0642728394032288
IN,Indiana,18,448590,Age 10 to 14 years,0.0670349937640824
IN,Indiana,18,455653,Age 15 to 19 years,0.0680904523363994
IN,Indiana,18,471214,Age 20 to 24 years,0.0704158085368562
IN,Indiana,18,458859,Age 25 to 29 years,0.0685695405684324
IN,Indiana,18,418579,Age 30 to 34 years,0.062550303517189
IN,Indiana,18,425918,Age 35 to 39 years,0.0636470061169675
IN,Indiana,18,396284,Age 40 to 44 years,0.0592186528206282
IN,Indiana,18,419086,Age 45 to 49 years,0.062626067002417
IN,Indiana,18,420738,Age 50 to 54 years,0.0628729334276566
IN,Indiana,18,450922,Age 55 to 59 years,0.0673834759091543
IN,Indiana,18,422364,Age 60 to 64 years,0.0631159145459615
IN,Indiana,18,350525,Age 65 to 69 years,0.0523806620503243
IN,Indiana,18,265056,Age 70 to 74 years,0.0396086121115776
IN,Indiana,18,185913,Age 75 to 79 years,0.0277818872370357
IN,Indiana,18,122717,Age 80 to 84 years,0.0183382004274435
IN,Indiana,18,130810,Age 85 years and older,0.0195475769283301
IA,Iowa,19,198218,Age 0 to 4 years,0.062803831889853
IA,Iowa,19,201115,Age 5 to 9 years,0.0637217238118021
IA,Iowa,19,208564,Age 10 to 14 years,0.066081881535861
IA,Iowa,19,214122,Age 15 to 19 years,0.0678428906149749
IA,Iowa,19,227778,Age 20 to 24 years,0.0721696880213045
IA,Iowa,19,204286,Age 25 to 29 years,0.0647264305030346
IA,Iowa,19,193429,Age 30 to 34 years,0.0612864744807352
IA,Iowa,19,202104,Age 35 to 39 years,0.0640350807710039
IA,Iowa,19,177831,Age 40 to 44 years,0.0563443694760539
IA,Iowa,19,182267,Age 45 to 49 years,0.0577498815802189
IA,Iowa,19,189064,Age 50 to 54 years,0.0599034581744502
IA,Iowa,19,213907,Age 55 to 59 years,0.0677747695368876
IA,Iowa,19,203630,Age 60 to 64 years,0.0645185820043122
IA,Iowa,19,172693,Age 65 to 69 years,0.054716434130878
IA,Iowa,19,128180,Age 70 to 74 years,0.0406128362290072
IA,Iowa,19,92687,Age 75 to 79 years,0.0293671551845685
IA,Iowa,19,67179,Age 80 to 84 years,0.0212851437433958
IA,Iowa,19,79091,Age 85 years and older,0.0250593683116587
KS,Kansas,20,189335,Age 0 to 4 years,0.065029941559434
KS,Kansas,20,197621,Age 5 to 9 years,0.0678758923649453
KS,Kansas,20,200446,Age 10 to 14 years,0.0688461809270463
KS,Kansas,20,200274,Age 15 to 19 years,0.0687871049508759
KS,Kansas,20,213020,Age 20 to 24 years,0.0731649095570847
KS,Kansas,20,195035,Age 25 to 29 years,0.0669876919325229
KS,Kansas,20,187849,Age 30 to 34 years,0.06451955260252
KS,Kansas,20,189972,Age 35 to 39 years,0.0652487287502512
KS,Kansas,20,166350,Age 40 to 44 years,0.0571353990461978
KS,Kansas,20,166989,Age 45 to 49 years,0.0573548731669703
KS,Kansas,20,168948,Age 50 to 54 years,0.058027721058353
KS,Kansas,20,191689,Age 55 to 59 years,0.065838458117022
KS,Kansas,20,181736,Age 60 to 64 years,0.0624199511936267
KS,Kansas,20,150262,Age 65 to 69 years,0.051609734484399
KS,Kansas,20,112595,Age 70 to 74 years,0.0386724391680591
KS,Kansas,20,78411,Age 75 to 79 years,0.0269314323691699
KS,Kansas,20,55437,Age 80 to 84 years,0.0190406679706887
KS,Kansas,20,65536,Age 85 years and older,0.0225093207808333
KY,Kentucky,21,275412,Age 0 to 4 years,0.0616354571500057
KY,Kentucky,21,276726,Age 5 to 9 years,0.0619295220080915
KY,Kentucky,21,285788,Age 10 to 14 years,0.0639575400780861
KY,Kentucky,21,287105,Age 15 to 19 years,0.0642522763171264
KY,Kentucky,21,301530,Age 20 to 24 years,0.0674804997401756
KY,Kentucky,21,310326,Age 25 to 29 years,0.0694489886988682
KY,Kentucky,21,274781,Age 30 to 34 years,0.0614942433559022
KY,Kentucky,21,283045,Age 35 to 39 years,0.0633436740919908
KY,Kentucky,21,268904,Age 40 to 44 years,0.0601790080659708
KY,Kentucky,21,285632,Age 45 to 49 years,0.0639226282684503
KY,Kentucky,21,291182,Age 50 to 54 years,0.0651646830343376
KY,Kentucky,21,307881,Age 55 to 59 years,0.0689018132209233
KY,Kentucky,21,289464,Age 60 to 64 years,0.0647802055410413
KY,Kentucky,21,245059,Age 65 to 69 years,0.054842648445686
KY,Kentucky,21,190146,Age 70 to 74 years,0.0425534676602508
KY,Kentucky,21,130899,Age 75 to 79 years,0.0292943651891661
KY,Kentucky,21,83904,Age 80 to 84 years,0.0187771825363967
KY,Kentucky,21,80618,Age 85 years and older,0.0180417965975308
LA,Louisiana,22,307019,Age 0 to 4 years,0.0658842166207652
LA,Louisiana,22,301567,Age 5 to 9 years,0.0647142540157915
LA,Louisiana,22,307358,Age 10 to 14 years,0.0659569637453224
LA,Louisiana,22,296013,Age 15 to 19 years,0.0635224028954643
LA,Louisiana,22,309308,Age 20 to 24 years,0.0663754206564924
LA,Louisiana,22,343819,Age 25 to 29 years,0.0737812496110497
LA,Louisiana,22,323363,Age 30 to 34 years,0.0693915293162328
LA,Louisiana,22,313687,Age 35 to 39 years,0.0673151246636787
LA,Louisiana,22,269839,Age 40 to 44 years,0.0579056381811245
LA,Louisiana,22,275446,Age 45 to 49 years,0.0591088627457039
LA,Louisiana,22,287860,Age 50 to 54 years,0.0617728238201983
LA,Louisiana,22,312333,Age 55 to 59 years,0.0670245653520253
LA,Louisiana,22,293933,Age 60 to 64 years,0.063076048856883
LA,Louisiana,22,242885,Age 65 to 69 years,0.0521214907023166
LA,Louisiana,22,185061,Age 70 to 74 years,0.0397128484297565
LA,Louisiana,22,126634,Age 75 to 79 years,0.0271748064046654
LA,Louisiana,22,82803,Age 80 to 84 years,0.0177689680080035
LA,Louisiana,22,81050,Age 85 years and older,0.0173927859745261
ME,Maine,23,64282,Age 0 to 4 years,0.0480288462975305
ME,Maine,23,67596,Age 5 to 9 years,0.0505049297521526
ME,Maine,23,73235,Age 10 to 14 years,0.0547181568495013
ME,Maine,23,77391,Age 15 to 19 years,0.0578233478082851
ME,Maine,23,75024,Age 20 to 24 years,0.0560548235062059
ME,Maine,23,80641,Age 25 to 29 years,0.0602516131153224
ME,Maine,23,79699,Age 30 to 34 years,0.0595477897555596
ME,Maine,23,78163,Age 35 to 39 years,0.058400154213526
ME,Maine,23,74220,Age 40 to 44 years,0.0554541080271727
ME,Maine,23,85710,Age 45 to 49 years,0.0640389598357447
ME,Maine,23,94463,Age 50 to 54 years,0.0705788386765132
ME,Maine,23,107152,Age 55 to 59 years,0.080059533593743
ME,Maine,23,104829,Age 60 to 64 years,0.0783238842681283
ME,Maine,23,91727,Age 65 to 69 years,0.0685346128672658
ME,Maine,23,71640,Age 70 to 74 years,0.053526438952663
ME,Maine,23,47585,Age 75 to 79 years,0.0355535398878067
ME,Maine,23,31628,Age 80 to 84 years,0.0236311308095314
ME,Maine,23,33419,Age 85 years and older,0.0249692917833479
MD,Maryland,24,364504,Age 0 to 4 years,0.060321199830937
MD,Maryland,24,370444,Age 5 to 9 years,0.0613042011889352
MD,Maryland,24,378506,Age 10 to 14 years,0.0626383690253293
MD,Maryland,24,381504,Age 15 to 19 years,0.0631345033807634
MD,Maryland,24,376550,Age 20 to 24 years,0.0623146736286552
MD,Maryland,24,418434,Age 25 to 29 years,0.0692459916216511
MD,Maryland,24,416178,Age 30 to 34 years,0.0688726496917447
MD,Maryland,24,407402,Age 35 to 39 years,0.0674203231062578
MD,Maryland,24,366399,Age 40 to 44 years,0.0606348004325206
MD,Maryland,24,397341,Age 45 to 49 years,0.0657553438700929
MD,Maryland,24,421586,Age 50 to 54 years,0.0697676111974777
MD,Maryland,24,432313,Age 55 to 59 years,0.0715428057374182
MD,Maryland,24,380421,Age 60 to 64 years,0.0629552793957951
MD,Maryland,24,307278,Age 65 to 69 years,0.0508509581284448
MD,Maryland,24,238174,Age 70 to 74 years,0.0394150446868446
MD,Maryland,24,162850,Age 75 to 79 years,0.026949793122896
MD,Maryland,24,104431,Age 80 to 84 years,0.0172821237065837
MD,Maryland,24,118403,Age 85 years and older,0.0195943282476528
MA,Massachusetts,25,360161,Age 0 to 4 years,0.0521809946438421
MA,Massachusetts,25,370010,Age 5 to 9 years,0.0536079415266173
MA,Massachusetts,25,389142,Age 10 to 14 years,0.0563798318465742
MA,Massachusetts,25,455406,Age 15 to 19 years,0.065980320042352
MA,Massachusetts,25,494067,Age 20 to 24 years,0.0715816190001114
MA,Massachusetts,25,507860,Age 25 to 29 years,0.0735799821186126
MA,Massachusetts,25,485053,Age 30 to 34 years,0.0702756489319486
MA,Massachusetts,25,440081,Age 35 to 39 years,0.06375999706758
MA,Massachusetts,25,400571,Age 40 to 44 years,0.0580356929414303
MA,Massachusetts,25,443793,Age 45 to 49 years,0.0642978005835574
MA,Massachusetts,25,477738,Age 50 to 54 years,0.0692158340829791
MA,Massachusetts,25,492474,Age 55 to 59 years,0.0713508213166653
MA,Massachusetts,25,446693,Age 60 to 64 years,0.0647179595804147
MA,Massachusetts,25,367250,Age 65 to 69 years,0.0532080660675393
MA,Massachusetts,25,286579,Age 70 to 74 years,0.0415202569518566
MA,Massachusetts,25,193337,Age 75 to 79 years,0.0280111310260036
MA,Massachusetts,25,132082,Age 80 to 84 years,0.0191363588354873
MA,Massachusetts,25,159852,Age 85 years and older,0.0231597434364283
MI,Michigan,26,572163,Age 0 to 4 years,0.0572396824102646
MI,Michigan,26,586648,Age 5 to 9 years,0.0586887743643278
MI,Michigan,26,619422,Age 10 to 14 years,0.0619675137293584
MI,Michigan,26,653747,Age 15 to 19 years,0.0654014164786315
MI,Michigan,26,694627,Age 20 to 24 years,0.0694910871090841
MI,Michigan,26,694454,Age 25 to 29 years,0.069473780039146
MI,Michigan,26,602197,Age 30 to 34 years,0.0602443098005535
MI,Michigan,26,599690,Age 35 to 39 years,0.0599935073477516
MI,Michigan,26,563499,Age 40 to 44 years,0.0563729283412274
MI,Michigan,26,629912,Age 45 to 49 years,0.063016942420979
MI,Michigan,26,660148,Age 50 to 54 years,0.0660417780663401
MI,Michigan,26,716278,Age 55 to 59 years,0.0716570719138768
MI,Michigan,26,686526,Age 60 to 64 years,0.0686806560479956
MI,Michigan,26,571956,Age 65 to 69 years,0.0572189739508589
MI,Michigan,26,432746,Age 70 to 74 years,0.043292284898381
MI,Michigan,26,302102,Age 75 to 79 years,0.0302225459100042
MI,Michigan,26,195814,Age 80 to 84 years,0.0195894022708276
MI,Michigan,26,213986,Age 85 years and older,0.0214073449003918
MN,Minnesota,27,355291,Age 0 to 4 years,0.0633184220285968
MN,Minnesota,27,360434,Age 5 to 9 years,0.0642349851965157
MN,Minnesota,27,370652,Age 10 to 14 years,0.0660559928670962
MN,Minnesota,27,357809,Age 15 to 19 years,0.0637671690744494
MN,Minnesota,27,360065,Age 20 to 24 years,0.0641692236159281
MN,Minnesota,27,376534,Age 25 to 29 years,0.0671042574118559
MN,Minnesota,27,384391,Age 30 to 34 years,0.068504497896075
MN,Minnesota,27,383690,Age 35 to 39 years,0.0683795687145251
MN,Minnesota,27,326575,Age 40 to 44 years,0.0582007809766896
MN,Minnesota,27,336922,Age 45 to 49 years,0.0600447784681259
MN,Minnesota,27,354569,Age 50 to 54 years,0.0631897503180704
MN,Minnesota,27,394922,Age 55 to 59 years,0.0703812870699723
MN,Minnesota,27,359523,Age 60 to 64 years,0.0640726307252005
MN,Minnesota,27,294482,Age 65 to 69 years,0.0524813056222231
MN,Minnesota,27,215698,Age 70 to 74 years,0.0384407626276046
MN,Minnesota,27,153154,Age 75 to 79 years,0.0272944420415032
MN,Minnesota,27,104784,Age 80 to 84 years,0.0186741502988944
MN,Minnesota,27,121684,Age 85 years and older,0.0216859950466738
MS,Mississippi,28,185477,Age 0 to 4 years,0.0621045159432519
MS,Mississippi,28,192967,Age 5 to 9 years,0.0646124432033162
MS,Mississippi,28,206927,Age 10 to 14 years,0.0692867642380957
MS,Mississippi,28,205933,Age 15 to 19 years,0.0689539365082554
MS,Mississippi,28,206761,Age 20 to 24 years,0.0692311813375389
MS,Mississippi,28,209411,Age 25 to 29 years,0.0701184987259462
MS,Mississippi,28,184895,Age 30 to 34 years,0.0619096409545526
MS,Mississippi,28,189869,Age 35 to 39 years,0.0635751189507556
MS,Mississippi,28,175129,Age 40 to 44 years,0.058639625250709
MS,Mississippi,28,184333,Age 45 to 49 years,0.0617214627008602
MS,Mississippi,28,184460,Age 50 to 54 years,0.0617639869681537
MS,Mississippi,28,198698,Age 55 to 59 years,0.0665313926195284
MS,Mississippi,28,187195,Age 60 to 64 years,0.0626797654803401
MS,Mississippi,28,157411,Age 65 to 69 years,0.0527069877081429
MS,Mississippi,28,123174,Age 70 to 74 years,0.0412431818866712
MS,Mississippi,28,85408,Age 75 to 79 years,0.0285977371732412
MS,Mississippi,28,56141,Age 80 to 84 years,0.018798070000971
MS,Mississippi,28,52341,Age 85 years and older,0.01752569034967
MO,Missouri,29,372713,Age 0 to 4 years,0.0608366800229562
MO,Missouri,29,377947,Age 5 to 9 years,0.0616910081071393
MO,Missouri,29,391940,Age 10 to 14 years,0.0639750380807684
MO,Missouri,29,391387,Age 15 to 19 years,0.063884773764652
MO,Missouri,29,409228,Age 20 to 24 years,0.0667968997390333
MO,Missouri,29,426568,Age 25 to 29 years,0.0696272491810921
MO,Missouri,29,396937,Age 30 to 34 years,0.0647906814580446
MO,Missouri,29,394342,Age 35 to 39 years,0.0643671084014043
MO,Missouri,29,350197,Age 40 to 44 years,0.0571614696401767
MO,Missouri,29,369939,Age 45 to 49 years,0.0603838894028714
MO,Missouri,29,381749,Age 50 to 54 years,0.0623115956837661
MO,Missouri,29,430286,Age 55 to 59 years,0.0702341257223594
MO,Missouri,29,399255,Age 60 to 64 years,0.0651690407433209
MO,Missouri,29,332509,Age 65 to 69 years,0.0542743173373431
MO,Missouri,29,260068,Age 70 to 74 years,0.0424500183793164
MO,Missouri,29,185960,Age 75 to 79 years,0.0303536206600492
MO,Missouri,29,123543,Age 80 to 84 years,0.0201655052549175
MO,Missouri,29,131884,Age 85 years and older,0.0215269784207891
MT,Montana,30,62536,Age 0 to 4 years,0.0588682158137258
MT,Montana,30,63526,Age 5 to 9 years,0.059800151557227
MT,Montana,30,65281,Age 10 to 14 years,0.0614522194661608
MT,Montana,30,64023,Age 15 to 19 years,0.0602680021274493
MT,Montana,30,72513,Age 20 to 24 years,0.0682600571398986
MT,Montana,30,71120,Age 25 to 29 years,0.066948757654346
MT,Montana,30,66343,Age 30 to 34 years,0.0624519323546439
MT,Montana,30,67394,Age 35 to 39 years,0.0634412904015325
MT,Montana,30,59002,Age 40 to 44 years,0.0555414876141974
MT,Montana,30,58886,Age 45 to 49 years,0.0554322911028377
MT,Montana,30,61392,Age 50 to 54 years,0.0577913122879022
MT,Montana,30,74523,Age 55 to 59 years,0.0701521691039767
MT,Montana,30,76864,Age 60 to 64 years,0.0723558676651244
MT,Montana,30,68722,Age 65 to 69 years,0.0646914021867543
MT,Montana,30,50861,Age 70 to 74 years,0.0478779634850631
MT,Montana,30,34678,Age 75 to 79 years,0.0326441088011447
MT,Montana,30,21946,Age 80 to 84 years,0.0206588503301782
MT,Montana,30,22695,Age 85 years and older,0.0213639209078372
NE,Nebraska,31,132968,Age 0 to 4 years,0.0689214769539535
NE,Nebraska,31,132340,Age 5 to 9 years,0.0685959648944574
NE,Nebraska,31,133482,Age 10 to 14 years,0.0691878992446876
NE,Nebraska,31,131579,Age 15 to 19 years,0.0682015147714055
NE,Nebraska,31,137180,Age 20 to 24 years,0.0711046884103194
NE,Nebraska,31,128475,Age 25 to 29 years,0.0665926144009023
NE,Nebraska,31,127248,Age 30 to 34 years,0.065956621889753
NE,Nebraska,31,128339,Age 35 to 39 years,0.0665221213434318
NE,Nebraska,31,110972,Age 40 to 44 years,0.0575202615707097
NE,Nebraska,31,109690,Age 45 to 49 years,0.0568557608377893
NE,Nebraska,31,110281,Age 50 to 54 years,0.057162094639003
NE,Nebraska,31,125547,Age 55 to 59 years,0.0650749403400668
NE,Nebraska,31,117501,Age 60 to 64 years,0.0609044466605987
NE,Nebraska,31,99312,Age 65 to 69 years,0.0514765185552241
NE,Nebraska,31,73215,Age 70 to 74 years,0.0379496264904617
NE,Nebraska,31,51194,Age 75 to 79 years,0.0265354528245946
NE,Nebraska,31,36867,Age 80 to 84 years,0.0191093202188602
NE,Nebraska,31,43078,Age 85 years and older,0.0223286759537814
NV,Nevada,32,185995,Age 0 to 4 years,0.0612956401150544
NV,Nevada,32,191607,Age 5 to 9 years,0.0631451045217625
NV,Nevada,32,197022,Age 10 to 14 years,0.0649296465321554
NV,Nevada,32,181098,Age 15 to 19 years,0.0596818077558865
NV,Nevada,32,182064,Age 20 to 24 years,0.0600001581865494
NV,Nevada,32,227464,Age 25 to 29 years,0.0749619693170823
NV,Nevada,32,217908,Age 30 to 34 years,0.071812738762823
NV,Nevada,32,210838,Age 35 to 39 years,0.0694827827123193
NV,Nevada,32,192315,Age 40 to 44 years,0.0633784296821241
NV,Nevada,32,201625,Age 45 to 49 years,0.0664465896298171
NV,Nevada,32,193714,Age 50 to 54 years,0.0638394775625562
NV,Nevada,32,194281,Age 55 to 59 years,0.0640263354240322
NV,Nevada,32,182280,Age 60 to 64 years,0.0600713421337784
NV,Nevada,32,160427,Age 65 to 69 years,0.0528695699171366
NV,Nevada,32,132825,Age 70 to 74 years,0.0437731842161461
NV,Nevada,32,88212,Age 75 to 79 years,0.0290707331155632
NV,Nevada,32,51355,Age 80 to 84 years,0.0169243130089982
NV,Nevada,32,43362,Age 85 years and older,0.0142901774062151
NH,New Hampshire,33,64020,Age 0 to 4 years,0.0471964483972228
NH,New Hampshire,33,69360,Age 5 to 9 years,0.051133171834292
NH,New Hampshire,33,76114,Age 10 to 14 years,0.056112316046645
NH,New Hampshire,33,85131,Age 15 to 19 years,0.0627597758279283
NH,New Hampshire,33,89682,Age 20 to 24 years,0.0661148373189586
NH,New Hampshire,33,85844,Age 25 to 29 years,0.063285409500331
NH,New Hampshire,33,83231,Age 30 to 34 years,0.0613590689870236
NH,New Hampshire,33,79847,Age 35 to 39 years,0.0588643363819595
NH,New Hampshire,33,74827,Age 40 to 44 years,0.0551635214654637
NH,New Hampshire,33,89868,Age 45 to 49 years,0.0662519591465419
NH,New Hampshire,33,100374,Age 50 to 54 years,0.0739971307626185
NH,New Hampshire,33,110921,Age 55 to 59 years,0.0817725281578936
NH,New Hampshire,33,101594,Age 60 to 64 years,0.0748965319973047
NH,New Hampshire,33,82879,Age 65 to 69 years,0.0610995696143928
NH,New Hampshire,33,64054,Age 70 to 74 years,0.0472215136775337
NH,New Hampshire,33,41515,Age 75 to 79 years,0.0306054444737692
NH,New Hampshire,33,26709,Age 80 to 84 years,0.0196902521124871
NH,New Hampshire,33,30488,Age 85 years and older,0.022476184297634
NJ,New Jersey,34,518628,Age 0 to 4 years,0.0582170775841554
NJ,New Jersey,34,533562,Age 5 to 9 years,0.0598934503149794
NJ,New Jersey,34,558614,Age 10 to 14 years,0.0627055897051362
NJ,New Jersey,34,557815,Age 15 to 19 years,0.0626159002842223
NJ,New Jersey,34,551030,Age 20 to 24 years,0.0618542698450472
NJ,New Jersey,34,583053,Age 25 to 29 years,0.0654489185633528
NJ,New Jersey,34,572786,Age 30 to 34 years,0.0642964263424228
NJ,New Jersey,34,581487,Age 35 to 39 years,0.0652731317884452
NJ,New Jersey,34,557813,Age 40 to 44 years,0.0626156757800398
NJ,New Jersey,34,602340,Age 45 to 49 years,0.0676139246474162
NJ,New Jersey,34,633534,Age 50 to 54 years,0.0711155163820702
NJ,New Jersey,34,646773,Age 55 to 59 years,0.0726016218182145
NJ,New Jersey,34,572558,Age 60 to 64 years,0.0642708328656163
NJ,New Jersey,34,451916,Age 65 to 69 years,0.0507285160722544
NJ,New Jersey,34,358182,Age 70 to 74 years,0.0402066785504214
NJ,New Jersey,34,253635,Age 75 to 79 years,0.0284710591658323
NJ,New Jersey,34,172501,Age 80 to 84 years,0.0193635979938306
NJ,New Jersey,34,202293,Age 85 years and older,0.0227078122965431
NM,New Mexico,35,124246,Age 0 to 4 years,0.0592938530934969
NM,New Mexico,35,134822,Age 5 to 9 years,0.0643410319991906
NM,New Mexico,35,139941,Age 10 to 14 years,0.0667839696711125
NM,New Mexico,35,139052,Age 15 to 19 years,0.0663597126696789
NM,New Mexico,35,141547,Age 20 to 24 years,0.067550400204636
NM,New Mexico,35,145687,Age 25 to 29 years,0.0695261302225607
NM,New Mexico,35,138148,Age 30 to 34 years,0.0659282972261514
NM,New Mexico,35,133594,Age 35 to 39 years,0.0637549942064342
NM,New Mexico,35,117190,Age 40 to 44 years,0.0559265219325121
NM,New Mexico,35,119283,Age 45 to 49 years,0.0569253632193518
NM,New Mexico,35,121582,Age 50 to 54 years,0.0580225137776149
NM,New Mexico,35,139264,Age 55 to 59 years,0.0664608853179398
NM,New Mexico,35,134883,Age 60 to 64 years,0.0643701429970393
NM,New Mexico,35,121673,Age 65 to 69 years,0.0580659416596514
NM,New Mexico,35,96211,Age 70 to 74 years,0.0459147248199413
NM,New Mexico,35,64896,Age 75 to 79 years,0.0309702838751797
NM,New Mexico,35,42238,Age 80 to 84 years,0.0201572184775616
NM,New Mexico,35,41171,Age 85 years and older,0.0196480146299467
NY,New York,36,1140442,Age 0 to 4 years,0.0583578857436229
NY,New York,36,1119326,Age 5 to 9 years,0.0572773528315044
NY,New York,36,1117870,Age 10 to 14 years,0.0572028474365411
NY,New York,36,1188292,Age 15 to 19 years,0.0608064318624368
NY,New York,36,1302338,Age 20 to 24 years,0.0666423125451171
NY,New York,36,1485577,Age 25 to 29 years,0.0760188881410489
NY,New York,36,1393216,Age 30 to 34 years,0.0712926568332168
NY,New York,36,1273063,Age 35 to 39 years,0.0651442730962503
NY,New York,36,1158801,Age 40 to 44 years,0.0592973394154161
NY,New York,36,1240014,Age 45 to 49 years,0.0634531132074168
NY,New York,36,1315115,Age 50 to 54 years,0.0672961280886925
NY,New York,36,1358693,Age 55 to 59 years,0.0695260704662405
NY,New York,36,1235928,Age 60 to 64 years,0.0632440273256723
NY,New York,36,1017063,Age 65 to 69 years,0.0520444234323766
NY,New York,36,792057,Age 70 to 74 years,0.040530576661011
NY,New York,36,559571,Age 75 to 79 years,0.0286339686572792
NY,New York,36,388524,Age 80 to 84 years,0.0198812734015893
NY,New York,36,456319,Age 85 years and older,0.0233504308545672
NC,North Carolina,37,610128,Age 0 to 4 years,0.0587586987967587
NC,North Carolina,37,628094,Age 5 to 9 years,0.0604889239012984
NC,North Carolina,37,664208,Age 10 to 14 years,0.0639669017163571
NC,North Carolina,37,684178,Age 15 to 19 years,0.0658901230977251
NC,North Carolina,37,697871,Age 20 to 24 years,0.0672088346838578
NC,North Carolina,37,728562,Age 25 to 29 years,0.0701645476240463
NC,North Carolina,37,664586,Age 30 to 34 years,0.064003305205699
NC,North Carolina,37,658604,Age 35 to 39 years,0.0634272055410348
NC,North Carolina,37,637301,Age 40 to 44 years,0.0613756088916967
NC,North Carolina,37,697294,Age 45 to 49 years,0.0671532663945714
NC,North Carolina,37,680546,Age 50 to 54 years,0.0655403414223556
NC,North Carolina,37,695970,Age 55 to 59 years,0.0670257578763476
NC,North Carolina,37,647013,Age 60 to 64 years,0.0623109281734116
NC,North Carolina,37,560023,Age 65 to 69 years,0.0539333103484141
NC,North Carolina,37,450435,Age 70 to 74 years,0.0433793802161481
NC,North Carolina,37,300671,Age 75 to 79 years,0.0289562792166894
NC,North Carolina,37,192387,Age 80 to 84 years,0.0185279314921001
NC,North Carolina,37,185749,Age 85 years and older,0.0178886554014881
ND,North Dakota,38,54695,Age 0 to 4 years,0.0719598145977315
ND,North Dakota,38,50206,Age 5 to 9 years,0.066053834019448
ND,North Dakota,38,47648,Age 10 to 14 years,0.0626883855188356
ND,North Dakota,38,47282,Age 15 to 19 years,0.0622068553580756
ND,North Dakota,38,63579,Age 20 to 24 years,0.0836481040736662
ND,North Dakota,38,61153,Age 25 to 29 years,0.0804563221884099
ND,North Dakota,38,53647,Age 30 to 34 years,0.0705810069242985
ND,North Dakota,38,49895,Age 35 to 39 years,0.0656446649484197
ND,North Dakota,38,40507,Age 40 to 44 years,0.0532932847593073
ND,North Dakota,38,39212,Age 45 to 49 years,0.05158951001017
ND,North Dakota,38,40793,Age 50 to 54 years,0.0536695624259121
ND,North Dakota,38,48475,Age 55 to 59 years,0.0637764331771649
ND,North Dakota,38,46348,Age 60 to 64 years,0.0609780324888136
ND,North Dakota,38,37277,Age 65 to 69 years,0.0490437153077912
ND,North Dakota,38,26945,Age 70 to 74 years,0.0354503556876474
ND,North Dakota,38,18962,Age 75 to 79 years,0.0249474724271357
ND,North Dakota,38,14657,Age 80 to 84 years,0.0192835725854091
ND,North Dakota,38,18796,Age 85 years and older,0.0247290735017636
OH,Ohio,39,694789,Age 0 to 4 years,0.0594373110367458
OH,Ohio,39,708148,Age 5 to 9 years,0.0605801371870445
OH,Ohio,39,737787,Age 10 to 14 years,0.0631156731005637
OH,Ohio,39,761897,Age 15 to 19 years,0.0651782180877411
OH,Ohio,39,758902,Age 20 to 24 years,0.0649220039758955
OH,Ohio,39,806886,Age 25 to 29 years,0.0690269047915204
OH,Ohio,39,738394,Age 30 to 34 years,0.0631676003011949
OH,Ohio,39,724205,Age 35 to 39 years,0.0619537699062111
OH,Ohio,39,666987,Age 40 to 44 years,0.057058925481644
OH,Ohio,39,732526,Age 45 to 49 years,0.0626656088459997
OH,Ohio,39,752351,Age 50 to 54 years,0.0643615837265799
OH,Ohio,39,821402,Age 55 to 59 years,0.0702687091479645
OH,Ohio,39,790146,Age 60 to 64 years,0.0675948432782335
OH,Ohio,39,655007,Age 65 to 69 years,0.0560340690342619
OH,Ohio,39,495368,Age 70 to 74 years,0.0423773863628392
OH,Ohio,39,349819,Age 75 to 79 years,0.0299260649054078
OH,Ohio,39,238491,Age 80 to 84 years,0.0204022570110703
OH,Ohio,39,256337,Age 85 years and older,0.0219289338190822
OK,Oklahoma,40,260429,Age 0 to 4 years,0.0660471169864971
OK,Oklahoma,40,267797,Age 5 to 9 years,0.0679157074966035
OK,Oklahoma,40,270110,Age 10 to 14 years,0.0685023049246541
OK,Oklahoma,40,264140,Age 15 to 19 years,0.0669882596823447
OK,Oklahoma,40,273690,Age 20 to 24 years,0.0694102248522031
OK,Oklahoma,40,280849,Age 25 to 29 years,0.0712258110983828
OK,Oklahoma,40,262369,Age 30 to 34 years,0.0665391182880181
OK,Oklahoma,40,261410,Age 35 to 39 years,0.066295907335359
OK,Oklahoma,40,228978,Age 40 to 44 years,0.0580708628967363
OK,Oklahoma,40,232318,Age 45 to 49 years,0.0589179166838909
OK,Oklahoma,40,227992,Age 50 to 54 years,0.0578208045032828
OK,Oklahoma,40,255026,Age 55 to 59 years,0.0646768680008694
OK,Oklahoma,40,238418,Age 60 to 64 years,0.0604649310855806
OK,Oklahoma,40,199427,Age 65 to 69 years,0.050576465751764
OK,Oklahoma,40,159219,Age 70 to 74 years,0.0403793583643645
OK,Oklahoma,40,112935,Age 75 to 79 years,0.0286413231893147
OK,Oklahoma,40,74776,Age 80 to 84 years,0.0189638604755319
OK,Oklahoma,40,73196,Age 85 years and older,0.0185631583846025
OR,Oregon,41,234214,Age 0 to 4 years,0.0558888189193581
OR,Oregon,41,242575,Age 5 to 9 years,0.0578839448084371
OR,Oregon,41,249214,Age 10 to 14 years,0.0594681621003395
OR,Oregon,41,246835,Age 15 to 19 years,0.0589004782718358
OR,Oregon,41,265773,Age 20 to 24 years,0.0634195183492642
OR,Oregon,41,302744,Age 25 to 29 years,0.0722416447988684
OR,Oregon,41,293741,Age 30 to 34 years,0.0700933230216433
OR,Oregon,41,294348,Age 35 to 39 years,0.0702381671090337
OR,Oregon,41,265419,Age 40 to 44 years,0.063335045850193
OR,Oregon,41,264308,Age 45 to 49 years,0.0630699358319217
OR,Oregon,41,248366,Age 50 to 54 years,0.0592658098991747
OR,Oregon,41,270029,Age 55 to 59 years,0.064435097321148
OR,Oregon,41,274456,Age 60 to 64 years,0.0654914808052949
OR,Oregon,41,253268,Age 65 to 69 years,0.0604355392507194
OR,Oregon,41,194924,Age 70 to 74 years,0.0465133260139742
OR,Oregon,41,127826,Age 75 to 79 years,0.0305022080968083
OR,Oregon,41,78648,Age 80 to 84 years,0.0187672121665215
OR,Oregon,41,84025,Age 85 years and older,0.020050287385464
PA,Pennsylvania,42,702997,Age 0 to 4 years,0.0548913646067091
PA,Pennsylvania,42,725614,Age 5 to 9 years,0.0566573436838744
PA,Pennsylvania,42,755233,Age 10 to 14 years,0.0589700524554425
PA,Pennsylvania,42,810300,Age 15 to 19 years,0.0632697902563118
PA,Pennsylvania,42,815049,Age 20 to 24 years,0.0636406013558147
PA,Pennsylvania,42,870748,Age 25 to 29 years,0.0679896869382981
PA,Pennsylvania,42,830358,Age 30 to 34 years,0.0648359576670992
PA,Pennsylvania,42,782766,Age 35 to 39 years,0.0611198823149107
PA,Pennsylvania,42,715779,Age 40 to 44 years,0.0558894078734698
PA,Pennsylvania,42,797593,Age 45 to 49 years,0.0622776031345211
PA,Pennsylvania,42,855188,Age 50 to 54 years,0.0667747320618471
PA,Pennsylvania,42,921795,Age 55 to 59 years,0.0719755353687732
PA,Pennsylvania,42,888010,Age 60 to 64 years,0.0693375372646025
PA,Pennsylvania,42,737898,Age 65 to 69 years,0.057616502148034
PA,Pennsylvania,42,572852,Age 70 to 74 years,0.0447293914450311
PA,Pennsylvania,42,407338,Age 75 to 79 years,0.0318057383974152
PA,Pennsylvania,42,283299,Age 80 to 84 years,0.0221205335182314
PA,Pennsylvania,42,334243,Age 85 years and older,0.0260983395096142
RI,Rhode Island,44,54413,Age 0 to 4 years,0.051463376571788
RI,Rhode Island,44,54840,Age 5 to 9 years,0.0518672297281321
RI,Rhode Island,44,58821,Age 10 to 14 years,0.0556324274222914
RI,Rhode Island,44,71426,Age 15 to 19 years,0.0675541347658929
RI,Rhode Island,44,76616,Age 20 to 24 years,0.0724627949097478
RI,Rhode Island,44,76369,Age 25 to 29 years,0.0722291843017455
RI,Rhode Island,44,69862,Age 30 to 34 years,0.0660749161791897
RI,Rhode Island,44,65405,Age 35 to 39 years,0.06185952152386
RI,Rhode Island,44,58781,Age 40 to 44 years,0.0555945957448821
RI,Rhode Island,44,66143,Age 45 to 49 years,0.0625575159720613
RI,Rhode Island,44,73227,Age 50 to 54 years,0.069257506041246
RI,Rhode Island,44,76974,Age 55 to 59 years,0.0728013884225609
RI,Rhode Island,44,72184,Age 60 to 64 years,0.0682710450527988
RI,Rhode Island,44,57725,Age 65 to 69 years,0.0545958394612769
RI,Rhode Island,44,44870,Age 70 to 74 years,0.0424376841338674
RI,Rhode Island,44,30741,Age 75 to 79 years,0.0290745898809721
RI,Rhode Island,44,21066,Age 80 to 84 years,0.0199240529076009
RI,Rhode Island,44,27852,Age 85 years and older,0.0263421969800864
SC,South Carolina,45,292391,Age 0 to 4 years,0.057510561793598
SC,South Carolina,45,306255,Age 5 to 9 years,0.0602374802989776
SC,South Carolina,45,319554,Age 10 to 14 years,0.0628532686142577
SC,South Carolina,45,323894,Age 15 to 19 years,0.0637069058267034
SC,South Carolina,45,332074,Age 20 to 24 years,0.0653158349506218
SC,South Carolina,45,354451,Age 25 to 29 years,0.0697171805503678
SC,South Carolina,45,319439,Age 30 to 34 years,0.0628306491950339
SC,South Carolina,45,316074,Age 35 to 39 years,0.0621687853194855
SC,South Carolina,45,295323,Age 40 to 44 years,0.0580872586385037
SC,South Carolina,45,320122,Age 45 to 49 years,0.062964988876163
SC,South Carolina,45,326336,Age 50 to 54 years,0.0641872242766556
SC,South Carolina,45,344755,Age 55 to 59 years,0.0678100684738993
SC,South Carolina,45,333544,Age 60 to 64 years,0.0656049701354825
SC,South Carolina,45,302279,Age 65 to 69 years,0.0594554384656402
SC,South Carolina,45,247552,Age 70 to 74 years,0.0486911518929405
SC,South Carolina,45,163274,Age 75 to 79 years,0.0321144613421341
SC,South Carolina,45,97835,Age 80 to 84 years,0.0192432250413886
SC,South Carolina,45,88975,Age 85 years and older,0.0175005463081469
SD,South Dakota,46,62132,Age 0 to 4 years,0.0704256802325911
SD,South Dakota,46,60762,Age 5 to 9 years,0.0688728059984018
SD,South Dakota,46,60882,Age 10 to 14 years,0.0690088241794987
SD,South Dakota,46,57674,Age 15 to 19 years,0.0653726048048422
SD,South Dakota,46,59585,Age 20 to 24 years,0.0675386943388099
SD,South Dakota,46,58754,Age 25 to 29 years,0.0665967684347141
SD,South Dakota,46,57341,Age 30 to 34 years,0.0649951543522984
SD,South Dakota,46,56007,Age 35 to 39 years,0.0634830855724382
SD,South Dakota,46,47902,Age 40 to 44 years,0.0542961909241869
SD,South Dakota,46,47241,Age 45 to 49 years,0.0535469574433116
SD,South Dakota,46,49840,Age 50 to 54 years,0.0564928845489014
SD,South Dakota,46,59311,Age 55 to 59 years,0.0672281194919721
SD,South Dakota,46,57950,Age 60 to 64 years,0.0656854466213651
SD,South Dakota,46,50160,Age 65 to 69 years,0.056855599698493
SD,South Dakota,46,34890,Age 70 to 74 years,0.0395472861539159
SD,South Dakota,46,23666,Age 75 to 79 years,0.0268250522819884
SD,South Dakota,46,17147,Age 80 to 84 years,0.0194358645939007
SD,South Dakota,46,20991,Age 85 years and older,0.0237929803283706
TN,Tennessee,47,406574,Age 0 to 4 years,0.0600551550145421
TN,Tennessee,47,412340,Age 5 to 9 years,0.0609068524271013
TN,Tennessee,47,430114,Age 10 to 14 years,0.0635322547529472
TN,Tennessee,47,425325,Age 15 to 19 years,0.062824870273456
TN,Tennessee,47,445657,Age 20 to 24 years,0.0658281154680717
TN,Tennessee,47,492464,Age 25 to 29 years,0.0727419900413736
TN,Tennessee,47,438603,Age 30 to 34 years,0.0647861672287042
TN,Tennessee,47,432883,Age 35 to 39 years,0.063941264488531
TN,Tennessee,47,407384,Age 40 to 44 years,0.0601748003326435
TN,Tennessee,47,442810,Age 45 to 49 years,0.0654075843314855
TN,Tennessee,47,439985,Age 50 to 54 years,0.064990302820823
TN,Tennessee,47,456537,Age 55 to 59 years,0.0674352031976319
TN,Tennessee,47,429637,Age 60 to 64 years,0.0634617969545097
TN,Tennessee,47,366920,Age 65 to 69 years,0.0541978519972644
TN,Tennessee,47,294682,Age 70 to 74 years,0.0435275575663847
TN,Tennessee,47,201335,Age 75 to 79 years,0.0297392470616735
TN,Tennessee,47,126698,Age 80 to 84 years,0.0187145956948365
TN,Tennessee,47,120062,Age 85 years and older,0.0177343903480202
TX,Texas,48,2024126,Age 0 to 4 years,0.0705225047379358
TX,Texas,48,2047747,Age 5 to 9 years,0.0713454831910632
TX,Texas,48,2091419,Age 10 to 14 years,0.072867057849417
TX,Texas,48,2032343,Age 15 to 19 years,0.0708087929539024
TX,Texas,48,1998543,Age 20 to 24 years,0.0696311683099118
TX,Texas,48,2159807,Age 25 to 29 years,0.0752497618184476
TX,Texas,48,2076521,Age 30 to 34 years,0.0723479971409503
TX,Texas,48,2030827,Age 35 to 39 years,0.0707559740497519
TX,Texas,48,1850945,Age 40 to 44 years,0.0644887114399789
TX,Texas,48,1847367,Age 45 to 49 years,0.0643640504643517
TX,Texas,48,1705590,Age 50 to 54 years,0.0594244028563321
TX,Texas,48,1712901,Age 55 to 59 years,0.0596791251572852
TX,Texas,48,1521389,Age 60 to 64 years,0.0530066621152752
TX,Texas,48,1226455,Age 65 to 69 years,0.0427308767084485
TX,Texas,48,940074,Age 70 to 74 years,0.0327530860820968
TX,Texas,48,627316,Age 75 to 79 years,0.021856295300877
TX,Texas,48,407976,Age 80 to 84 years,0.0142142778626252
TX,Texas,48,400499,Age 85 years and older,0.0139537719613495
UT,Utah,49,253004,Age 0 to 4 years,0.0800365694907319
UT,Utah,49,259078,Age 5 to 9 years,0.0819580494795333
UT,Utah,49,266799,Age 10 to 14 years,0.0844005498077413
UT,Utah,49,248985,Age 15 to 19 years,0.0787651786321555
UT,Utah,49,260906,Age 20 to 24 years,0.0825363282776118
UT,Utah,49,247231,Age 25 to 29 years,0.0782103093696666
UT,Utah,49,217677,Age 30 to 34 years,0.0688610470072965
UT,Utah,49,231359,Age 35 to 39 years,0.0731892803307704
UT,Utah,49,203255,Age 40 to 44 years,0.0642987183279265
UT,Utah,49,172668,Age 45 to 49 years,0.0546226715025284
UT,Utah,49,149505,Age 50 to 54 years,0.0472951705179043
UT,Utah,49,155362,Age 55 to 59 years,0.0491480036253146
UT,Utah,49,144798,Age 60 to 64 years,0.0458061342473597
UT,Utah,49,119503,Age 65 to 69 years,0.0378041855616944
UT,Utah,49,90368,Age 70 to 74 years,0.0285874717859736
UT,Utah,49,62027,Age 75 to 79 years,0.0196219360002278
UT,Utah,49,40804,Age 80 to 84 years,0.0129081444621422
UT,Utah,49,37776,Age 85 years and older,0.0119502515734213
VT,Vermont,50,29681,Age 0 to 4 years,0.0473911023329113
VT,Vermont,50,31272,Age 5 to 9 years,0.0499314225314107
VT,Vermont,50,33761,Age 10 to 14 years,0.0539055626785289
VT,Vermont,50,42285,Age 15 to 19 years,0.0675156754202066
VT,Vermont,50,46193,Age 20 to 24 years,0.0737555065551757
VT,Vermont,50,37533,Age 25 to 29 years,0.0599282451353108
VT,Vermont,50,36558,Age 30 to 34 years,0.058371480714483
VT,Vermont,50,36604,Age 35 to 39 years,0.0584449280615169
VT,Vermont,50,33997,Age 40 to 44 years,0.0542823795024421
VT,Vermont,50,38532,Age 45 to 49 years,0.0615233299111127
VT,Vermont,50,42187,Age 50 to 54 years,0.0673592006373952
VT,Vermont,50,48697,Age 55 to 59 years,0.0777535969241528
VT,Vermont,50,47792,Age 60 to 64 years,0.0763086002053332
VT,Vermont,50,41336,Age 65 to 69 years,0.0660004247172676
VT,Vermont,50,31557,Age 70 to 74 years,0.0503864767467296
VT,Vermont,50,20710,Age 75 to 79 years,0.0330672729798387
VT,Vermont,50,13183,Age 80 to 84 years,0.0210490516510485
VT,Vermont,50,14421,Age 85 years and older,0.0230257432951354
VA,Virginia,51,510924,Age 0 to 4 years,0.0599839040772229
VA,Virginia,51,514457,Age 5 to 9 years,0.0603986881412027
VA,Virginia,51,528362,Age 10 to 14 years,0.062031173963348
VA,Virginia,51,542284,Age 15 to 19 years,0.0636656556329566
VA,Virginia,51,578812,Age 20 to 24 years,0.0679541448175179
VA,Virginia,51,604186,Age 25 to 29 years,0.0709331232606043
VA,Virginia,51,586120,Age 30 to 34 years,0.0688121244211309
VA,Virginia,51,578634,Age 35 to 39 years,0.0679332471205498
VA,Virginia,51,526249,Age 40 to 44 years,0.0617831018639454
VA,Virginia,51,558081,Age 45 to 49 years,0.0655202675374823
VA,Virginia,51,567303,Age 50 to 54 years,0.0666029560848986
VA,Virginia,51,583042,Age 55 to 59 years,0.0684507586274909
VA,Virginia,51,523830,Age 60 to 64 years,0.0614991045102044
VA,Virginia,51,432802,Age 65 to 69 years,0.0508121631640522
VA,Virginia,51,346236,Age 70 to 74 years,0.0406490730756068
VA,Virginia,51,235193,Age 75 to 79 years,0.0276123148484594
VA,Virginia,51,149278,Age 80 to 84 years,0.0175256539775772
VA,Virginia,51,151892,Age 85 years and older,0.0178325448757497
WA,Washington,53,462701,Age 0 to 4 years,0.0614020851184731
WA,Washington,53,466916,Age 5 to 9 years,0.0619614307623649
WA,Washington,53,462802,Age 10 to 14 years,0.0614154881813517
WA,Washington,53,447049,Age 15 to 19 years,0.0593250084830772
WA,Washington,53,481263,Age 20 to 24 years,0.0638653292090826
WA,Washington,53,589604,Age 25 to 29 years,0.0782425691627903
WA,Washington,53,563753,Age 30 to 34 years,0.074812048583847
WA,Washington,53,536144,Age 35 to 39 years,0.0711482350886613
WA,Washington,53,466725,Age 40 to 44 years,0.0619360843761292
WA,Washington,53,474408,Age 45 to 49 years,0.0629556460800487
WA,Washington,53,459123,Age 50 to 54 years,0.0609272716632312
WA,Washington,53,491676,Age 55 to 59 years,0.0652471717215013
WA,Washington,53,469195,Age 60 to 64 years,0.0622638622504857
WA,Washington,53,401689,Age 65 to 69 years,0.0533055735110889
WA,Washington,53,307119,Age 70 to 74 years,0.0407557947346134
WA,Washington,53,198092,Age 75 to 79 years,0.0262875201162059
WA,Washington,53,123949,Age 80 to 84 years,0.0164484776310179
WA,Washington,53,133383,Age 85 years and older,0.0177004033260298
WV,West Virginia,54,95257,Age 0 to 4 years,0.0527496467002468
WV,West Virginia,54,101043,Age 5 to 9 years,0.0559537099796659
WV,West Virginia,54,104388,Age 10 to 14 years,0.0578060417580373
WV,West Virginia,54,107227,Age 15 to 19 years,0.0593781702838359
WV,West Virginia,54,113094,Age 20 to 24 years,0.0626270882341214
WV,West Virginia,54,113614,Age 25 to 29 years,0.0629150441458563
WV,West Virginia,54,101748,Age 30 to 34 years,0.0563441117446141
WV,West Virginia,54,109230,Age 35 to 39 years,0.0604873543053839
WV,West Virginia,54,107530,Age 40 to 44 years,0.0595459599785584
WV,West Virginia,54,116488,Age 45 to 49 years,0.0645065543195602
WV,West Virginia,54,117965,Age 50 to 54 years,0.0653244598611609
WV,West Virginia,54,127758,Age 55 to 59 years,0.0707474449450447
WV,West Virginia,54,130612,Age 60 to 64 years,0.0723278798913742
WV,West Virginia,54,119700,Age 65 to 69 years,0.0662852358358917
WV,West Virginia,54,93137,Age 70 to 74 years,0.0515756725985584
WV,West Virginia,54,64373,Age 75 to 79 years,0.0356472805886705
WV,West Virginia,54,42768,Age 80 to 84 years,0.0236832662174554
WV,West Virginia,54,39900,Age 85 years and older,0.0220950786119639
WI,Wisconsin,55,334382,Age 0 to 4 years,0.0575175176414897
WI,Wisconsin,55,349799,Age 5 to 9 years,0.0601694174730561
WI,Wisconsin,55,369348,Age 10 to 14 years,0.0635320684302652
WI,Wisconsin,55,378418,Age 15 to 19 years,0.0650922118740161
WI,Wisconsin,55,395921,Age 20 to 24 years,0.0681029274965047
WI,Wisconsin,55,374435,Age 25 to 29 years,0.0644070904477251
WI,Wisconsin,55,362942,Age 30 to 34 years,0.0624301633695521
WI,Wisconsin,55,371797,Age 35 to 39 years,0.0639533243612184
WI,Wisconsin,55,332919,Age 40 to 44 years,0.05726586495591
WI,Wisconsin,55,352344,Age 45 to 49 years,0.0606071864988936
WI,Wisconsin,55,385213,Age 50 to 54 years,0.0662610293712914
WI,Wisconsin,55,425757,Age 55 to 59 years,0.0732350597774035
WI,Wisconsin,55,394820,Age 60 to 64 years,0.0679135429395511
WI,Wisconsin,55,329181,Age 65 to 69 years,0.0566228863238548
WI,Wisconsin,55,242442,Age 70 to 74 years,0.0417027890617259
WI,Wisconsin,55,169120,Age 75 to 79 years,0.0290905688210751
WI,Wisconsin,55,116094,Age 80 to 84 years,0.0199694920572014
WI,Wisconsin,55,128636,Age 85 years and older,0.0221268590992657
WY,Wyoming,56,35912,Age 0 to 4 years,0.0621597716608076
WY,Wyoming,56,37847,Age 5 to 9 years,0.065509046503859
WY,Wyoming,56,39104,Age 10 to 14 years,0.0676847769832986
WY,Wyoming,56,36313,Age 15 to 19 years,0.0628538591089025
WY,Wyoming,56,37966,Age 20 to 24 years,0.0657150225794782
WY,Wyoming,56,38879,Age 25 to 29 years,0.0672953264201531
WY,Wyoming,56,38899,Age 30 to 34 years,0.0673299442479883
WY,Wyoming,56,39158,Age 35 to 39 years,0.0677782451184536
WY,Wyoming,56,33555,Age 40 to 44 years,0.0580800606504344
WY,Wyoming,56,32540,Age 45 to 49 years,0.0563232058878002
WY,Wyoming,56,32340,Age 50 to 54 years,0.0559770276094486
WY,Wyoming,56,39394,Age 55 to 59 years,0.0681867354869084
WY,Wyoming,56,40455,Age 60 to 64 years,0.0700232112535635
WY,Wyoming,56,33583,Age 65 to 69 years,0.0581285256094036
WY,Wyoming,56,24585,Age 70 to 74 years,0.0425539648663665
WY,Wyoming,56,16203,Age 75 to 79 years,0.0280456332206523
WY,Wyoming,56,10323,Age 80 to 84 years,0.0178679918371162
WY,Wyoming,56,10681,Age 85 years and older,0.0184876509553655
PR,Puerto Rico,72,126621,Age 0 to 4 years,0.0324868483439073
PR,Puerto Rico,72,163105,Age 5 to 9 years,0.0418474613147346
PR,Puerto Rico,72,184834,Age 10 to 14 years,0.0474224190837047
PR,Puerto Rico,72,205289,Age 15 to 19 years,0.0526705097074924
PR,Puerto Rico,72,218348,Age 20 to 24 years,0.0560210262294207
PR,Puerto Rico,72,215642,Age 25 to 29 years,0.0553267542554305
PR,Puerto Rico,72,179107,Age 30 to 34 years,0.0459530563360913
PR,Puerto Rico,72,193463,Age 35 to 39 years,0.0496363410584133
PR,Puerto Rico,72,199040,Age 40 to 44 years,0.0510672186633443
PR,Puerto Rico,72,205928,Age 45 to 49 years,0.0528344564153193
PR,Puerto Rico,72,216303,Age 50 to 54 years,0.0554963454508509
PR,Puerto Rico,72,218120,Age 55 to 59 years,0.0559625288125435
PR,Puerto Rico,72,208138,Age 60 to 64 years,0.0534014708508398
PR,Puerto Rico,72,188840,Age 65 to 69 years,0.0484502289609422
PR,Puerto Rico,72,172973,Age 70 to 74 years,0.0443792705679997
PR,Puerto Rico,72,126496,Age 75 to 79 years,0.032454777391672
PR,Puerto Rico,72,86807,Age 80 to 84 years,0.0222718652055312
PR,Puerto Rico,72,86099,Age 85 years and older,0.0220902153320703
